COD. OAE;DESCRITIVO;TIPO DE OAE;DISTRITO;RODOVIA;COD. TRECHO;DESCRITIVO;km;LATITUTE;LONGITUDE
1;Ponte sobre Rio Urubu;PONTE;SEGUNDO DISTRITO RODOVIÁRIO;DF005 ;005EDF0012;ENTR. DF-006 (EPCA) - ENTR. DF-442;2631;-15.717.124.576.250;-47.865.095.411.000
2;Ponte 1 sobre Córrego Tamanduá;PONTE;SEGUNDO DISTRITO RODOVIÁRIO;DF005 ;005EDF0014;ENTR. DF-442 - ENTR. DF-015 (EPTM);9418;-15.750.428.216.750;-47.814.948.902.250
3;Viaduto sobre DF003 - Eixo Monumental/Taguatinga;VIAD. SOBRE ROD./RUA;SEGUNDO DISTRITO RODOVIÁRIO;DF003 ;003EDF0090;ENTR. DF-010 (EPAA) (ACESSO AO SAIN /SMU) - ENTR. EIXO MONUMENTAL;12929;-15.774.612.361.653;-47.937.965.129.068
4;Viaduto 1 na DF003 sobre rodovia de acesso ao SMU;VIAD. SOBRE ROD./RUA;SEGUNDO DISTRITO RODOVIÁRIO;DF003 ;003EDF0090;ENTR. DF-010 (EPAA) (ACESSO AO SAIN /SMU) - ENTR. EIXO MONUMENTAL;10906;-15.758.446.956.227;-47.928.382.039.529
5;Viaduto 1 Colorado;VIAD. SOBRE ROD./RUA;SEGUNDO DISTRITO RODOVIÁRIO;BR010 ;010BDF0010;ENTR. BR-020 (A)/BR-030 (A)/DF-003(EPIA)DF-001(EPCT) - ENTR. DF-440;244;-15.687.729.224.750;-47.857.120.883.000
6;Passarela sobre a DF 003 Colorado;PASSARELA;SEGUNDO DISTRITO RODOVIÁRIO;BR010 ;010BDF0010;ENTR. BR-020 (A)/BR-030 (A)/DF-003(EPIA)DF-001(EPCT) - ENTR. DF-440;46;-15.688.085.346.750;-47.859.010.587.750
7;Viaduto 2 Colorado;VIAD. SOBRE ROD./RUA;SEGUNDO DISTRITO RODOVIÁRIO;DF003 ;003EDF0010;ENTR. BR-010/020/030/DF-001/DF-150 (PARQUE ROD. DER-DF) - ENTR. DF-007(EPTT) (GRANJA DO TORTO);163;-15.688.777.929.507;-47.860.781.869.501
8;Passarela sobre a DF 003 próximo ao Posto CPRv Col;PASSARELA;SEGUNDO DISTRITO RODOVIÁRIO;DF003 ;003EDF0010;ENTR. BR-010/020/030/DF-001/DF-150 (PARQUE ROD. DER-DF) - ENTR. DF-007(EPTT) (GRANJA DO TORTO);1330;-15.694.365.300.177;-47.871.856.053.795
9;Ponte 1 sobre Ribeirão do Torto;PONTE;SEGUNDO DISTRITO RODOVIÁRIO;DF003 ;003EDF0010;ENTR. BR-010/020/030/DF-001/DF-150 (PARQUE ROD. DER-DF) - ENTR. DF-007(EPTT) (GRANJA DO TORTO);4078;-15.707.811.015.860;-47.893.459.125.799
10;Ponte 2 sobre Ribeirão do Torto (Ampliada);PONTE;SEGUNDO DISTRITO RODOVIÁRIO;DF003 ;003EDF0010;ENTR. BR-010/020/030/DF-001/DF-150 (PARQUE ROD. DER-DF) - ENTR. DF-007(EPTT) (GRANJA DO TORTO);4071;-15.707.965.773.257;-47.893.397.200.517
12;Viaduto 2 do Torto;VIAD. SOBRE ROD./RUA;SEGUNDO DISTRITO RODOVIÁRIO;DF003 ;003EDF0030;ENTR. DF-007 (EPTT) (GRANJA DO TORTO) - ENTR. DF-009 (EPPN);5268;-15.713.836.168.393;-47.900.704.450.605
13;Ponte 1 sobre Rio Bananal;PONTE;SEGUNDO DISTRITO RODOVIÁRIO;DF003 ;003EDF0050;ENTR. DF-009 (EPPN) - ACESSO A ASA NORTE;7210;-15.727.479.365.843;-47.909.474.743.369
14;Ponte 2 sobre Rio Bananal;PONTE;SEGUNDO DISTRITO RODOVIÁRIO;DF003 ;003EDF0090;ENTR. DF-010 (EPAA) (ACESSO AO SAIN /SMU) - ENTR. EIXO MONUMENTAL;10908;-15.758.284.829.640;-47.928.688.842.069
15;Viaduto 2 na DF003 acesso ao Setor Militar;VIAD. SOBRE ROD./RUA;SEGUNDO DISTRITO RODOVIÁRIO;DF003 ;003EDF0050;ENTR. DF-009 (EPPN) - ACESSO A ASA NORTE;7209;-15.727.647.671.498;-47.909.189.383.181
16;Viaduto Ayrton Senna;VIAD. SOBRE ROD./RUA;SEGUNDO DISTRITO RODOVIÁRIO;DF095 ;095EDF0010;ENTR. DF-003 (EPIA) - ENTR. DF-097 (EPAC);271;-15.785.130.175.296;-47.941.872.271.487
17;Passarela na DF 003 - Cruzeiro/Supermercado Extra;PASSARELA;SEGUNDO DISTRITO RODOVIÁRIO;DF003 ;003EDF0130;ENTR. DF-095 (EPCL) - ENTR. DF-085 (EPTG);15567;-15.791.533.246.573;-47.944.068.658.822
18;Viaduto sobre a DF-003 acesso SIA;VIAD. SOBRE ROD./RUA;SEGUNDO DISTRITO RODOVIÁRIO;DF003 ;003EDF0130;ENTR. DF-095 (EPCL) - ENTR. DF-085 (EPTG);17004;-15.808.180.308.413;-47.948.178.916.692
19;Viaduto 1 sobre a DF-003 acesso ao Guará;VIAD. SOBRE ROD./RUA;TERCEIRO DISTRITO RODOVIÁRIO;DF085 ;085EDF0010;ENTR. DF-003 (EPIA) - ENTR. DF-087 (EPVL);29;-15.810.093.292.320;-47.948.506.489.922
20;Viaduto 2 sobre a DF-003 acesso ao Guará;VIAD. SOBRE ROD./RUA;TERCEIRO DISTRITO RODOVIÁRIO;DF085 ;085EDF0010;ENTR. DF-003 (EPIA) - ENTR. DF-087 (EPVL);29;-15.809.907.432.070;-47.948.473.593.422
21;Passarela sobre a BR-020 Acesso I a Sobradinho;PASSARELA;SEGUNDO DISTRITO RODOVIÁRIO;BR010 ;010BDF0015;ENTR. DF-440 - ACESSO I A SOBRADINHO;2626;-15.680.892.492.250;-47.835.000.626.000
22;Passarela sobre a BR 010 Acesso II a Sobradinho;PASSARELA;SEGUNDO DISTRITO RODOVIÁRIO;BR010 ;010BDF0018;ACESSO II A SOBRADINHO - ENTR. DF-230;9516;-15.650.378.318.750;-47.774.488.686.000
23;Passsarela sobre a BR 020 Acesso a Sobradinho;PASSARELA;SEGUNDO DISTRITO RODOVIÁRIO;BR010 ;010BDF0016;ACESSO I A SOBRADINHO - ACESSO II A SOBRADINHO;6593;-15.661.589.986.750;-47.798.698.815.750
24;Viaduto 1 na BR-020 entrada Sobradinho;VIAD. TRANSPOSIÇÃO RODOV.;SEGUNDO DISTRITO RODOVIÁRIO;BR010 ;010BDF0015;ENTR. DF-440 - ACESSO I A SOBRADINHO;5913;-15.664.016.300.000;-47.804.898.973.500
25;Viaduto 2 na BR-020 entrada Sobradinho;VIAD. SOBRE ROD./RUA;SEGUNDO DISTRITO RODOVIÁRIO;BR010 ;010BDF0015;ENTR. DF-440 - ACESSO I A SOBRADINHO;5915;-15.664.534.090.500;-47.804.639.499.250
26;Ponte 1 sobre Ribeirão Sobradinho;PONTE;SEGUNDO DISTRITO RODOVIÁRIO;BR010 ;010BDF0015;ENTR. DF-440 - ACESSO I A SOBRADINHO;5462;-15.666.249.681.250;-47.809.122.803.000
27;Ponte 2 sobre Ribeirão Sobradinho;PONTE;SEGUNDO DISTRITO RODOVIÁRIO;BR010 ;010BDF0015;ENTR. DF-440 - ACESSO I A SOBRADINHO;5472;-15.666.442.211.500;-47.808.908.848.250
28;Ponte 1 sobre Ribeirão Mestre d'Armas;PONTE;PRIMEIRO DISTRITO RODOVIÁRIO;BR010 ;010BDF0020;ENTR. DF-230 - ENTR. DF-128;20768;-15.607.070.767.500;-47.691.374.339.750
29;Ponte 2 sobre Ribeirão Mestre d'Armas;PONTE;PRIMEIRO DISTRITO RODOVIÁRIO;BR010 ;010BDF0020;ENTR. DF-230 - ENTR. DF-128;20764;-15.606.854.831.750;-47.691.447.661.000
30;Passarela sobre a BR-020;PASSARELA;PRIMEIRO DISTRITO RODOVIÁRIO;BR010 ;010BDF0020;ENTR. DF-230 - ENTR. DF-128;19986;-15.603.419.416.500;-47.685.061.420.500
31;Ponte 1 sobre Córrego Fumal;PONTE;PRIMEIRO DISTRITO RODOVIÁRIO;BR010 ;010BDF0022;ENTR. DF-128 - ACESSO APLANALTINA;23304;-15.595.541.928.250;-47.668.960.602.500
32;Ponte 2 sobre Córrego do Fumal;PONTE;PRIMEIRO DISTRITO RODOVIÁRIO;BR010 ;010BDF0022;ENTR. DF-128 - ACESSO APLANALTINA;23307;-15.595.293.297.250;-47.668.990.325.500
33;Viaduto na DF 007;VIAD. SOBRE ROD./RUA;SEGUNDO DISTRITO RODOVIÁRIO;DF007 ;007EDF0030;ENTR. DF-009 (EPPN) - ENTR. DF-002 (PONTE DO BRAGHETTO);2018;-15.725.291.367.250;-47.897.431.070.500
34;Viaduto 1 na DF 002 sobre a DF-007;VIAD. SOBRE ROD./RUA;SEGUNDO DISTRITO RODOVIÁRIO;DF007 ;007EDF0030;ENTR. DF-009 (EPPN) - ENTR. DF-002 (PONTE DO BRAGHETTO);1673;-15.724.310.555.750;-47.896.172.909.750
35;Viaduto 2 na DF 002 sobre a DF-007;VIAD. SOBRE ROD./RUA;SEGUNDO DISTRITO RODOVIÁRIO;DF007 ;007EDF0030;ENTR. DF-009 (EPPN) - ENTR. DF-002 (PONTE DO BRAGHETTO);1673;-15.724.370.594.250;-47.896.326.157.250
36;Ponte 1 sobre Córrego do Torto;PONTE;SEGUNDO DISTRITO RODOVIÁRIO;DF005 ;005EDF0012;ENTR. DF-006 (EPCA) - ENTR. DF-442;1308;-15.714.921.714.500;-47.877.149.343.750
37;Ponte 2 sobre Córrego do Torto;PONTE;SEGUNDO DISTRITO RODOVIÁRIO;DF005 ;005EDF0012;ENTR. DF-006 (EPCA) - ENTR. DF-442;1308;-15.714.668.748.750;-47.877.146.981.000
38;Passarela sobre a DF-005;PASSARELA;SEGUNDO DISTRITO RODOVIÁRIO;DF005 ;005EDF0012;ENTR. DF-006 (EPCA) - ENTR. DF-442;1573;-15.714.830.530.500;-47.874.680.660.500
39;Ponte 2 sobre Córrego Urubu;PONTE;SEGUNDO DISTRITO RODOVIÁRIO;DF005 ;005EDF0012;ENTR. DF-006 (EPCA) - ENTR. DF-442;2630;-15.717.414.444.500;-47.865.177.618.750
40;Ponte 2 sobre Córrego Tamanduá;PONTE;SEGUNDO DISTRITO RODOVIÁRIO;DF005 ;005EDF0014;ENTR. DF-442 - ENTR. DF-015 (EPTM);9446;-15.750.170.638.500;-47.814.717.599.000
41;Viaduto 1 na DF-025 sobre acesso a Ponte JK;VIAD. TRANSPOSIÇÃO RODOV.;SEGUNDO DISTRITO RODOVIÁRIO;DF025 ;025EDF0090;ENTR. DF-035 (EPCV) - ENTR. DF-027 (EPJK);21294;-15.834.721.027.500;-47.824.836.762.750
42;Viaduto 2 na DF-025 sobre acesso a Ponte JK;VIAD. SOBRE ROD./RUA;SEGUNDO DISTRITO RODOVIÁRIO;DF027 ;027EDF0010;ENTR. DF-025 (EPDB)/ACESSOÀ PONTE JK - ENTR. DF-001 (EPCT);25;-15.834.992.784.500;-47.824.859.239.000
43;Ponte 1 sobre Ribeirão cabeça de Veado;PONTE;SEGUNDO DISTRITO RODOVIÁRIO;DF025 ;025EDF0070;ACESSO À PONTE HONESTINO GUIMARÃES - ENTR. DF-035 (EPCV);16541;-15.854.781.553.750;-47.858.511.889.500
44;Ponte 2 sobre Ribeirão cabeça de Veado;PONTE;SEGUNDO DISTRITO RODOVIÁRIO;DF025 ;025EDF0070;ACESSO À PONTE HONESTINO GUIMARÃES - ENTR. DF-035 (EPCV);16524;-15.855.257.427.500;-47.858.294.631.500
45;Ponte 1 sobre Ribeirão do Gama;PONTE;SEGUNDO DISTRITO RODOVIÁRIO;DF025 ;025EDF0070;ACESSO À PONTE HONESTINO GUIMARÃES - ENTR. DF-035 (EPCV);14733;-15.858.357.778.500;-47.874.103.222.250
46;Ponte 2 sobre Ribeirão do Gama;PONTE;SEGUNDO DISTRITO RODOVIÁRIO;DF025 ;025EDF0070;ACESSO À PONTE HONESTINO GUIMARÃES - ENTR. DF-035 (EPCV);14732;-15.858.477.808.750;-47.874.187.816.500
47;Viaduto sobre via de acesso ao Logo Sul;VIAD. SOBRE ROD./RUA;SEGUNDO DISTRITO RODOVIÁRIO;DF025 ;025EDF0050;ACESSO À PONTE PRESIDENTE MEDICI - ACESSO À PONTE HONESTINO GUIMARÃES;10991;-15.830.688.052.250;-47.871.599.970.750
48;Viaduto encontro Eixo Rod Sul entrada Aeroporto;VIAD. TRANSPOSIÇÃO RODOV.;SEGUNDO DISTRITO RODOVIÁRIO;DF047 ;047EDF0030;ENTR. DF-025 (EPDB) - ENTR. DF-051(EPGU)/DF-004 (EPNA);3619;-15.855.014.314.973;-47.933.774.417.259
49;Viaduto sobre a EPDB;VIAD. SOBRE ROD./RUA;SEGUNDO DISTRITO RODOVIÁRIO;DF025 ;025EDF0010;ENTR. DF-003 (EPIA) - ENTR. DF-047 (EPAR);2555;-15.862.759.054.692;-47.937.982.287.350
51;Viaduto sobre Ferrovia;VIAD. SOBRE FERROVIA;TERCEIRO DISTRITO RODOVIÁRIO;DF003 ;003EDF0230;ENTR. DF-055 (EPVB) - ENTR. DF-065 (EPIP);25087;-15.883.462.455.528;-47.960.328.176.048
52;Viaduto 2 sobre via Férrea;VIAD. SOBRE FERROVIA;TERCEIRO DISTRITO RODOVIÁRIO;DF003 ;003EDF0230;ENTR. DF-055 (EPVB) - ENTR. DF-065 (EPIP);25088;-15.883.493.767.935;-47.960.468.783.710
53;Viaduto 1 de acesso ao Guará;VIAD. SOBRE ROD./RUA;TERCEIRO DISTRITO RODOVIÁRIO;DF051 ;051EDF0030;ENTR. DF-003 (EPIA) - ACESSO AO GUARÁ II;3123;-15.839.824.671.135;-47.955.838.506.836
54;Viaduto 2 de acesso ao Guará;VIAD. SOBRE ROD./RUA;TERCEIRO DISTRITO RODOVIÁRIO;DF051 ;051EDF0030;ENTR. DF-003 (EPIA) - ACESSO AO GUARÁ II;3124;-15.839.658.571.707;-47.955.935.443.188
55;Ponte sobre Ribeirão Sonhém;PONTE;SEGUNDO DISTRITO RODOVIÁRIO;DF205 ;205EDF0110;ENTR. VC-201(B) - FIM DE TRECHO PAVIMENTADO (Km 34,6);31670;-15.524.377.808.250;-47.816.563.432.750
56;Ponte sobre Rio Palmeiras;PONTE;SEGUNDO DISTRITO RODOVIÁRIO;DF205 ;205EDF0130;FIM DE TRECHO PAVIMENTADO (Km 34,6) - ENTR. DF-131;37799;-15.527.353.135.750;-47.763.788.159.500
57;Ponte sobre Córrego Mentira;PONTE;SEGUNDO DISTRITO RODOVIÁRIO;VC201 ;201EVC0010;ENTR. DF-205(A) - ENTR. DF-205(B);76478;-15.502.954.204.750;-47.854.371.158.750
58;Ponte do Bragheto;PONTE;SEGUNDO DISTRITO RODOVIÁRIO;DF007 ;007EDF0030;ENTR. DF-009 (EPPN) - ENTR. DF-002 (PONTE DO BRAGHETTO);1387;-15.730.706.674.250;-47.894.204.004.000
59;Ponte sobre Córrego do Ouro;PONTE;SEGUNDO DISTRITO RODOVIÁRIO;VC201 ;201EVC0010;ENTR. DF-205(A) - ENTR. DF-205(B);67406;-15.512.421.818.750;-47.922.174.281.500
60;Ponte sobre Córrego Pedreira;PONTE;SEGUNDO DISTRITO RODOVIÁRIO;VC201 ;201EVC0010;ENTR. DF-205(A) - ENTR. DF-205(B);1481;-15.509.685.215.485;-47.960.813.443.927
61;Ponte sobre Catingueiro;PONTE;SEGUNDO DISTRITO RODOVIÁRIO;DF205 ;205EDF0030;ENTR. VC-201(A) - INÍCIO DE TRECHO PAVIMENTADO;10892;-15.573.472.324.666;-47.939.785.501.666
62;Ponte sobre Ribeirão Contagem;PONTE;SEGUNDO DISTRITO RODOVIÁRIO;DF205 ;205EDF0050;INÍCIO DE TRECHO PAVIMENTADO - ENTR. DF-150;17991;-15.592.339.074.250;-47.886.202.911.000
63;Viaduto de acesso a Fábrica Cimento Tocantins;VIAD. SOBRE ROD./RUA;SEGUNDO DISTRITO RODOVIÁRIO;DF205 ;205EDF0070;ENTR. DF-150 - ENTR. DF-326;20116;-15.590.431.062.250;-47.870.006.680.000
64;Ponte sobre Ribeirão Sobradinho;PONTE;SEGUNDO DISTRITO RODOVIÁRIO;DF326 ;326EDF0050;ENTR. VC-215 - ACESSO A SOBRADINHO;9379;-15.636.929.909.250;-47.802.927.012.250
65;Ponte sobre Córrego Capão Grande;PONTE;SEGUNDO DISTRITO RODOVIÁRIO;VC249 ;249EVC0010;ENTR. DF-440 - ÁREA DE DESENVOLVIMENTO DE SOBRADINHO;83819;-15.666.924.062.500;-47.806.137.805.000
66;Viaduto 1 na DF-004;VIAD. SOBRE ROD./RUA;SEGUNDO DISTRITO RODOVIÁRIO;DF004 ;004EDF0050;ENTR. DF-008 (EPUB) - ACESSO À UnB;5983;-15.775.540.994.750;-47.864.225.423.000
67;Viaduto 1 na DF-004;VIAD. SOBRE ROD./RUA;SEGUNDO DISTRITO RODOVIÁRIO;DF004 ;004EDF0050;ENTR. DF-008 (EPUB) - ACESSO À UnB;5983;-15.775.503.276.000;-47.864.103.508.000
68;Ponte sobre Ribeirão Água Doce ou Cafuringa;PONTE;SEGUNDO DISTRITO RODOVIÁRIO;DF205 ;205EDF0010;DIVISA GO/DF - ENTR. VC-201(A);165;-15.501.881.795.250;-47.976.275.061.750
69;Ponte sobre Ribeirão das Salinas;PONTE;SEGUNDO DISTRITO RODOVIÁRIO;VC201 ;201EVC0010;ENTR. DF-205(A) - ENTR. DF-205(B);2264;-15.503.651.940.750;-47.966.018.798.500
71;Ponte sobre Ribeirão Sobradinho;PONTE;SEGUNDO DISTRITO RODOVIÁRIO;BR010 ;010BDF0015;ENTR. DF-440 - ACESSO I A SOBRADINHO;4950;-15.713.269.668.750;-47.761.852.277.750
72;Ponte sobre Córrego do Meio;PONTE;SEGUNDO DISTRITO RODOVIÁRIO;DF330 ;330EDF0030;ENTR. DF-444 - ENTR. BR-479/DF-250;7745;-15.699.740.671.250;-47.702.311.723.750
73;Ponte sobre Capão da Erva;PONTE;SEGUNDO DISTRITO RODOVIÁRIO;DF330 ;330EDF0030;ENTR. DF-444 - ENTR. BR-479/DF-250;11492;-15.728.342.384.000;-47.701.400.391.000
74;Ponte sobre Rio São Bartolomeu;PONTE;PRIMEIRO DISTRITO RODOVIÁRIO;DF250 ;250EDF0030;ENTR. DF-330 - ENTR. DF-130;12403;-15.734.257.704.000;-47.675.742.699.250
75;Viaduto sobre Ferrovia sentido Taguatinga;VIAD. SOBRE FERROVIA;SEGUNDO DISTRITO RODOVIÁRIO;DF095 ;095EDF0010;ENTR. DF-003 (EPIA) - ENTR. DF-097 (EPAC);2317;-15.791.082.756.222;-47.953.681.985.534
76;Viaduto sobre Rodovia e Ferrovia SCKIA;VIAD. SOBRE ROD./RUA;SEGUNDO DISTRITO RODOVIÁRIO;DF095 ;095EDF0030;ENTR. DF-097 (EPAC) - ENTR. DF-087 (EPVL);6490;-15.793.110.538.455;-47.977.239.870.731
77;Viaduto 1 sobre acesso a Ponte Costa e Silva;VIAD. SOBRE ROD./RUA;SEGUNDO DISTRITO RODOVIÁRIO;DF004 ;004EDF0170;ACESSO À PONTE PRESIDENTE MÉDICI - ENTR. DF-047(EPAR)/DF-051(EPGU);16106;-15.835.918.996.500;-47.899.702.078.750
78;Viaduto 2 sobre acesso a Ponte Costa e Silva;VIAD. SOBRE ROD./RUA;SEGUNDO DISTRITO RODOVIÁRIO;DF004 ;004EDF0170;ACESSO À PONTE PRESIDENTE MÉDICI - ENTR. DF-047(EPAR)/DF-051(EPGU);16107;-15.835.608.924.250;-47.899.842.145.750
79;Viaduto 1 na DF-004 aceso a 2 Ponte;VIAD. EM ENCOSTA;SEGUNDO DISTRITO RODOVIÁRIO;DF004 ;004EDF0150;ACESSO À PONTE HONESTINO GUIMARÃES - ACESSO À PONTE PRESIDENTE MÉDICI;13306;-15.819.493.021.250;-47.879.608.575.250
80;Viaduto 2 na DF-004 aceso a 2 Ponte;VIAD. SOBRE ROD./RUA;SEGUNDO DISTRITO RODOVIÁRIO;DF004 ;004EDF0150;ACESSO À PONTE HONESTINO GUIMARÃES - ACESSO À PONTE PRESIDENTE MÉDICI;13308;-15.819.139.495.500;-47.879.794.053.750
81;Viaduto 1 na DF-004;VIAD. SOBRE ROD./RUA;SEGUNDO DISTRITO RODOVIÁRIO;DF004 ;004EDF0130;ACESSO À PONTE JK - ACESSO À PONTE HONESTINO GUIMARÃES;10204;-15.805.278.515.250;-47.854.162.738.500
82;Viaduto 2 na DF-004;VIAD. SOBRE ROD./RUA;SEGUNDO DISTRITO RODOVIÁRIO;DF004 ;004EDF0130;ACESSO À PONTE JK - ACESSO À PONTE HONESTINO GUIMARÃES;10203;-15.804.975.441.750;-47.854.368.617.000
83;Viaduto 1 na DF-004 acesso eixo Monumental;VIAD. SOBRE ROD./RUA;SEGUNDO DISTRITO RODOVIÁRIO;DF004 ;004EDF0090;ACESSO À VILA PLANALTO - ENTR. EIXO MONUMENTAL;9749;-15.802.598.995.250;-47.850.586.773.500
84;Viaduto 2 na DF-004 acesso eixo Monumental;VIAD. SOBRE ROD./RUA;SEGUNDO DISTRITO RODOVIÁRIO;DF004 ;004EDF0090;ACESSO À VILA PLANALTO - ENTR. EIXO MONUMENTAL;9787;-15.802.704.447.250;-47.851.056.882.000
85;Viaduto 1 na DF-004;VIAD. SOBRE ROD./RUA;SEGUNDO DISTRITO RODOVIÁRIO;DF004 ;004EDF0090;ACESSO À VILA PLANALTO - ENTR. EIXO MONUMENTAL;8447;-15.793.044.825.250;-47.857.699.492.750
86;Viaduto 2 na DF-004;VIAD. SOBRE ROD./RUA;SEGUNDO DISTRITO RODOVIÁRIO;DF004 ;004EDF0090;ACESSO À VILA PLANALTO - ENTR. EIXO MONUMENTAL;8991;-15.796.610.741.500;-47.854.160.009.250
87;Viaduto 1 na DF-004 sobre a DF-002;VIAD. SOBRE ROD./RUA;SEGUNDO DISTRITO RODOVIÁRIO;DF051 ;051EDF0010;ENTR. DF-047 (EPAR) - ENTR. DF-003 (EPIA);30;-15.844.961.038.502;-47.931.612.099.200
88;Viaduto 2 na DF-004 sobre a DF-002;VIAD. SOBRE ROD./RUA;SEGUNDO DISTRITO RODOVIÁRIO;DF051 ;051EDF0010;ENTR. DF-047 (EPAR) - ENTR. DF-003 (EPIA);30;-15.845.084.485.252;-47.931.740.924.200
89;Passarela sobre a DF-003 Metrô;PASSARELA;SEGUNDO DISTRITO RODOVIÁRIO;DF003 ;003EDF0152;ENTR. DF-081 (EPIB) - ENTR. DF-051 (EPGU);19987;-15.833.700.704.768;-47.952.486.797.767
90;Metrô - Estação ParkShopping;VIAD. SOBRE ROD./RUA;SEGUNDO DISTRITO RODOVIÁRIO;DF003 ;003EDF0152;ENTR. DF-081 (EPIB) - ENTR. DF-051 (EPGU);19910;-15.833.334.356.089;-47.952.360.158.967
91;Ponte na DF-002;PONTE;SEGUNDO DISTRITO RODOVIÁRIO;DF047 ;047EDF0030;ENTR. DF-025 (EPDB) - ENTR. DF-051(EPGU)/DF-004 (EPNA);2822;-15.850.412.644.291;-47.932.285.469.238
92;Viaduto 1 na DF-003 acesso Aeroporto JK;VIAD. SOBRE ROD./RUA;TERCEIRO DISTRITO RODOVIÁRIO;DF003 ;003EDF0190;ENTR. DF-075 (EPNB) - ENTR. DF-025 (EPDB);24385;-15.874.277.897.815;-47.958.923.759.551
93;Viaduto 2 na DF-003 acesso Aeroporto JK;VIAD. SOBRE ROD./RUA;TERCEIRO DISTRITO RODOVIÁRIO;DF003 ;003EDF0190;ENTR. DF-075 (EPNB) - ENTR. DF-025 (EPDB);24385;-15.874.228.463.315;-47.958.819.030.551
94;Ponte 1 sobre Riacho Fundo;PONTE;TERCEIRO DISTRITO RODOVIÁRIO;DF003 ;003EDF0190;ENTR. DF-075 (EPNB) - ENTR. DF-025 (EPDB);23354;-15.865.597.784.327;-47.957.443.478.494
95;Ponte 2 sobre Riacho Fundo;PONTE;TERCEIRO DISTRITO RODOVIÁRIO;DF003 ;003EDF0190;ENTR. DF-075 (EPNB) - ENTR. DF-025 (EPDB);23354;-15.865.651.393.577;-47.957.536.818.744
96;Viaduto 1 sobre a DF-003 acesso N.Bandeirante;VIAD. SOBRE ROD./RUA;SEGUNDO DISTRITO RODOVIÁRIO;DF075 ;075EDF0010;ENTR. DF-003 (EPIA) - ACESSO AO NÚCLEO BANDEIRANTE;31;-15.861.980.600.000;-47.956.724.165.750
97;Viaduto 2 sobre a DF-003 acesso N.Bandeirante;VIAD. SOBRE ROD./RUA;SEGUNDO DISTRITO RODOVIÁRIO;DF075 ;075EDF0010;ENTR. DF-003 (EPIA) - ACESSO AO NÚCLEO BANDEIRANTE;39;-15.862.126.244.000;-47.956.749.491.500
98;Passarela na DF-003;PASSARELA;SEGUNDO DISTRITO RODOVIÁRIO;DF003 ;003EDF0170;ENTR. DF-051 (EPGU) - ENTR. DF-075 (EPNB);21100;-15.853.429.906.140;-47.955.684.755.325
99;Passarela na DF-003;PASSARELA;SEGUNDO DISTRITO RODOVIÁRIO;DF003 ;003EDF0170;ENTR. DF-051 (EPGU) - ENTR. DF-075 (EPNB);21747;-15.846.525.526.251;-47.954.506.534.679
100;Viaduto de acesso a Candangolandia;VIAD. SOBRE ROD./RUA;SEGUNDO DISTRITO RODOVIÁRIO;DF003 ;003EDF0170;ENTR. DF-051 (EPGU) - ENTR. DF-075 (EPNB);22393;-15.848.044.432.692;-47.954.759.918.420
101;Ponte 1 sobre Córrego do Guará;PONTE;SEGUNDO DISTRITO RODOVIÁRIO;DF003 ;003EDF0170;ENTR. DF-051 (EPGU) - ENTR. DF-075 (EPNB);22652;-15.847.653.739.414;-47.954.555.561.222
102;Ponte 2 sobre Córrego do Guará;PONTE;SEGUNDO DISTRITO RODOVIÁRIO;DF003 ;003EDF0170;ENTR. DF-051 (EPGU) - ENTR. DF-075 (EPNB);22651;-15.847.709.120.654;-47.954.695.744.195
103;Ponte sobre Rio Maranhão na DF-131;PONTE;PRIMEIRO DISTRITO RODOVIÁRIO;DF131 ;131EDF0010;DIVISA GO/DF - ENTR. DF-205;0;-15.491.039.568.000;-47.687.885.826.750
104;Ponte sobre Rio Maranhão na DF-128;PONTE;PRIMEIRO DISTRITO RODOVIÁRIO;DF131 ;131EDF0010;DIVISA GO/DF - ENTR. DF-205;0;-15.505.147.138.750;-47.617.799.303.500
105;Ponte sobre Córrego Vereda Grande;PONTE;PRIMEIRO DISTRITO RODOVIÁRIO;DF205 ;205EDF0170;ENTR. DF-128 - ENTR. BR-010/DF-345;59212;-15.519.788.295.616;-47.566.773.627.792
106;Ponte sobre Córrego Corginho;PONTE;PRIMEIRO DISTRITO RODOVIÁRIO;DF128 ;128EDF0110;ENTR. DF-230 - ACESSO AO INSTITUTO FEDERAL DE BRASÍLIA;20365;-15.646.659.187.750;-47.693.523.682.500
107;Ponte sobre Rio Mestre D'Armas;PONTE;PRIMEIRO DISTRITO RODOVIÁRIO;DF230 ;230EDF0030;ENTR. DF-128 - ENTR. DF-130;5018;-15.647.644.709.250;-47.675.959.696.500
108;Ponte sobre Rio Pipiripau;PONTE;PRIMEIRO DISTRITO RODOVIÁRIO;DF130 ;130EDF0010;ENTR. DF-230 - ACESSO AO VALE DO AMANHECER;1961;-15.665.525.995.000;-47.646.116.730.000
109;Ponte sobre Córrego Cachoeirinha;PONTE;PRIMEIRO DISTRITO RODOVIÁRIO;DF230 ;230EDF0070;ENTR. DF-345 - ENTR. VC-137(A);13722;-15.658.874.344.500;-47.601.460.769.000
110;Pontilhão sobre Córrego Pipiripau;PONTILHÃO;PRIMEIRO DISTRITO RODOVIÁRIO;DF230 ;230EDF0070;ENTR. DF-345 - ENTR. VC-137(A);12350;-15.659.480.633.750;-47.588.633.924.250
111;Ponte sobre Córrego Taquara;PONTE;PRIMEIRO DISTRITO RODOVIÁRIO;DF410 ;410EDF0010;ENTR. BR-020/BR-030 - ENTR. VC-121;3288;-15.611.113.623.000;-47.542.816.319.500
112;Pontilhão sobre Córrego Quinze;PONTILHÃO;PRIMEIRO DISTRITO RODOVIÁRIO;DF353 ;353EDF0030;ENTR. VC-129 - ENTR. VC-123;3932;-15.685.828.571.250;-47.582.794.423.750
113;Ponte sobre Ribeirão Extrema;PONTE;PRIMEIRO DISTRITO RODOVIÁRIO;VC165 ;165EVC0010;ENTR. DF-310 - ENTR. DF-320;2031;-15.750.942.090.990;-47.474.057.354.273
114;Ponte sobre Ribeirão Extrema;PONTE;PRIMEIRO DISTRITO RODOVIÁRIO;VC173 ;173EVC0010;ENTR. DF-310 - ENTR. DF-320;54523;-15.782.520.592.000;-47.447.884.077.500
115;Ponte sobre Córrego Barbatimão;PONTE;PRIMEIRO DISTRITO RODOVIÁRIO;DF320 ;320EDF0070;FIM DE TRECHO PAVIMENTADO (Km 11,7) - ENTR. VC-173;12922;-15.776.333.471.250;-47.473.222.914.000
116;Ponte sobre Ribeirão Extrema;PONTE;PRIMEIRO DISTRITO RODOVIÁRIO;DF100 ;100EDF0190;ENTR. DF-310 - ENTR. DF-260/DF-320;29293;-15.846.009.813.000;-47.385.304.540.500
117;Ponte sobre Ribeirão Barro Preto;PONTE;PRIMEIRO DISTRITO RODOVIÁRIO;DF310 ;310EDF0110;ENTR. VC-177(B) - ENTR. DF-100;22843;-15.821.521.949.500;-47.390.571.528.500
118;Ponte sobre Córrego Barreira.;PONTE;PRIMEIRO DISTRITO RODOVIÁRIO;VC169 ;169EVC0010;ENTR. DF-100(A) - ENTR. DF-100(B);5174;-15.789.851.159.144;-47.350.753.475.776
119;Ponte sobre Ribeirão Jacaré;PONTE;PRIMEIRO DISTRITO RODOVIÁRIO;DF100 ;100EDF0010;ENTR. BR-020/BR-030 - ENTR. DF-230;6938;-15.642.394.249.000;-47.355.251.311.000
120;Ponte sobre Ribeirão Santa Rita;PONTE;PRIMEIRO DISTRITO RODOVIÁRIO;BR020 ;020BDF0070;ENTR. DF-100 - ENTR. BR-030 (B)/DIVISA DF/GO;57889;-15.581.517.604.250;-47.343.531.622.750
121;Ponte sobre Córrego Retiro do Meio;PONTE;PRIMEIRO DISTRITO RODOVIÁRIO;DF105 ;105EDF0010;ENTR. BR-020/030 - FIM DO TRECHO IMPLANTADO (Km 5,9);1245;-15.626.063.009.000;-47.394.563.962.500
122;Ponte sobre Córrego Pipiripau;PONTE;PRIMEIRO DISTRITO RODOVIÁRIO;BR020 ;020BDF0052;ENTR. DF-410 - ENTR. DF-110;40614;-15.581.325.010.250;-47.505.841.771.500
123;Ponte sobre Ribeirão Pipiripau;PONTE;PRIMEIRO DISTRITO RODOVIÁRIO;VC113 ;113EVC0030;ENTR. VC-103 - ENTR. DF-110;2807;-15.563.319.324.049;-47.511.348.502.866
124;Pontilhão sobre Córrego Vendinha;PONTILHÃO;PRIMEIRO DISTRITO RODOVIÁRIO;DF205 ;205EDF0230;ENTR. VC-103 - ENTR. DF-110;68055;-15.523.216.857.500;-47.491.341.370.500
125;Passarela na DF-095;PASSARELA;SEGUNDO DISTRITO RODOVIÁRIO;DF095 ;095EDF0050;ENTR. DF-087 (EPVL) - ENTR. BR-070/251/DF-001 (EPCT);7801;-15.789.166.214.922;-47.987.124.790.221
126;Passarela na DF-095;PASSARELA;SEGUNDO DISTRITO RODOVIÁRIO;DF095 ;095EDF0050;ENTR. DF-087 (EPVL) - ENTR. BR-070/251/DF-001 (EPCT);9234;-15.786.929.464.693;-47.998.971.523.993
127;Viaduto na DF-095 acesso Estrutural;VIAD. SOBRE ROD./RUA;SEGUNDO DISTRITO RODOVIÁRIO;DF095 ;095EDF0050;ENTR. DF-087 (EPVL) - ENTR. BR-070/251/DF-001 (EPCT);9605;-15.786.787.908.192;-48.002.066.636.431
128;Passarela na DF-095;PASSARELA;SEGUNDO DISTRITO RODOVIÁRIO;DF095 ;095EDF0050;ENTR. DF-087 (EPVL) - ENTR. BR-070/251/DF-001 (EPCT);9974;-15.786.910.589.573;-48.005.195.621.597
129;Ponte sobre Córrego Cana do Reino;PONTE;SEGUNDO DISTRITO RODOVIÁRIO;DF095 ;095EDF0050;ENTR. DF-087 (EPVL) - ENTR. BR-070/251/DF-001 (EPCT);10225;-15.787.270.629.622;-48.008.941.175.534
130;Viaduto 1 na DF-001 sobre a DF-095;VIAD. SOBRE ROD./RUA;QUINTO DISTRITO RODOVIÁRIO;DF001 ;001EDF0430;ENTR. BR-070/DF-095(EPCL) - ENTR. DF-097 (EPAC);81702;-15.792.209.547.000;-48.053.291.783.000
131;Viaduto 1 na DF-001 sobre a DF-095;VIAD. SOBRE ROD./RUA;TERCEIRO DISTRITO RODOVIÁRIO;DF001 ;001EDF0410;ENTR. DF-085 (EPTG)/TAGUATINGA - ENTR. BR-070/DF-095 (EPCL);81681;-15.792.277.622.750;-48.053.626.527.500
132;Viaduto 1 na DF-001 EPTG;VIAD. SOBRE ROD./RUA;TERCEIRO DISTRITO RODOVIÁRIO;DF085 ;085EDF0050;ENTR. DF-079 (EPVP) - ENTR. BR-251/DF-001 (EPCT);11175;-15.831.656.008.421;-48.050.421.100.445
133;Viaduto 2 na DF-001 EPTG;VIAD. SOBRE ROD./RUA;TERCEIRO DISTRITO RODOVIÁRIO;DF085 ;085EDF0050;ENTR. DF-079 (EPVP) - ENTR. BR-251/DF-001 (EPCT);11167;-15.831.848.396.037;-48.050.263.465.133
134;Passarela na DF-085 -(EPTG) -UNIEURO;PASSARELA;TERCEIRO DISTRITO RODOVIÁRIO;DF085 ;085EDF0050;ENTR. DF-079 (EPVP) - ENTR. BR-251/DF-001 (EPCT);10100;-15.830.428.368.302;-48.040.368.290.256
135;Ponte na DF085;PONTE;TERCEIRO DISTRITO RODOVIÁRIO;DF085 ;085EDF0050;ENTR. DF-079 (EPVP) - ENTR. BR-251/DF-001 (EPCT);8035;-15.820.634.836.159;-48.019.899.074.126
136;Ponte na DF085;PONTE;TERCEIRO DISTRITO RODOVIÁRIO;DF085 ;085EDF0050;ENTR. DF-079 (EPVP) - ENTR. BR-251/DF-001 (EPCT);8035;-15.820.470.392.159;-48.020.000.402.626
137;Viaduto 1 EPTG - Entrada Águas Claras;VIAD. SOBRE ROD./RUA;TERCEIRO DISTRITO RODOVIÁRIO;DF085 ;085EDF0050;ENTR. DF-079 (EPVP) - ENTR. BR-251/DF-001 (EPCT);7292;-15.817.592.334.607;-48.013.842.606.028
138;Viaduto 2 EPTG - Entrada Águas Claras;VIAD. SOBRE ROD./RUA;TERCEIRO DISTRITO RODOVIÁRIO;DF085 ;085EDF0030;ENTR. DF-087 (EPVL) - ENTR. DF-079 (EPVP);7110;-15.816.928.173.811;-48.011.767.308.732
141;Viaduto 1 sobre Ferrovia na DF-085;VIAD. SOBRE FERROVIA;TERCEIRO DISTRITO RODOVIÁRIO;DF085 ;085EDF0010;ENTR. DF-003 (EPIA) - ENTR. DF-087 (EPVL);4840;-15.810.862.644.404;-47.992.931.810.699
142;Viaduto 2 sobre Ferrovia na DF-085;VIAD. SOBRE FERROVIA;TERCEIRO DISTRITO RODOVIÁRIO;DF085 ;085EDF0010;ENTR. DF-003 (EPIA) - ENTR. DF-087 (EPVL);4839;-15.811.093.832.029;-47.992.960.508.822
143;Viaduto na DF-085 entrada Guará;VIAD. SOBRE ROD./RUA;TERCEIRO DISTRITO RODOVIÁRIO;DF085 ;085EDF0010;ENTR. DF-003 (EPIA) - ENTR. DF-087 (EPVL);3458;-15.811.982.202.350;-47.980.449.658.530
144;Ponte 1 sobre Córrego vicente Pires;PONTE;TERCEIRO DISTRITO RODOVIÁRIO;DF085 ;085EDF0030;ENTR. DF-087 (EPVL) - ENTR. DF-079 (EPVP);6282;-15.814.160.975.421;-48.004.439.614.915
145;Ponte 2 sobre Córrego vicente Pires;PONTE;TERCEIRO DISTRITO RODOVIÁRIO;DF085 ;085EDF0030;ENTR. DF-087 (EPVL) - ENTR. DF-079 (EPVP);6286;-15.814.258.243.583;-48.004.252.159.318
146;Pontilhão 1 sobre Córrego Vicente Pires;PONTILHÃO;TERCEIRO DISTRITO RODOVIÁRIO;DF079 ;079EDF0010;ENTR. DF-085 (EPTG) - ENTR. DF-081 (EPIB);289;-15.820.039.153.000;-48.011.729.789.500
147;Ponte 2 sobre Córrego Vicente Pires;PONTE;TERCEIRO DISTRITO RODOVIÁRIO;DF079 ;079EDF0010;ENTR. DF-085 (EPTG) - ENTR. DF-081 (EPIB);290;-15.819.973.550.000;-48.011.573.322.750
148;Viaduto na DF-079 sobre Rod. (Metrô Águas Claras);VIAD. SOBRE ROD./RUA;TERCEIRO DISTRITO RODOVIÁRIO;DF079 ;079EDF0010;ENTR. DF-085 (EPTG) - ENTR. DF-081 (EPIB);2229;-15.837.400.385.000;-48.003.911.335.000
149;Ponte sobre Córrego Vereda da Cruz;PONTE;TERCEIRO DISTRITO RODOVIÁRIO;DF079 ;079EDF0030;ENTR. DF-081 (EPIB) - ENTR. DF-075 (EPNB);2641;-15.840.748.010.750;-48.002.422.867.500
150;Viaduto 1 sobre Ferrovia;VIAD. SOBRE FERROVIA;TERCEIRO DISTRITO RODOVIÁRIO;DF075 ;075EDF0030;ACESSO AO NÚCLEO BANDEIRANTE - ENTR. DF-079 (EPVP);2735;-15.873.548.952.750;-47.979.015.735.000
151;Viaduto 2 sobre Ferrovia;VIAD. SOBRE FERROVIA;TERCEIRO DISTRITO RODOVIÁRIO;DF075 ;075EDF0030;ACESSO AO NÚCLEO BANDEIRANTE - ENTR. DF-079 (EPVP);2697;-15.873.154.522.000;-47.978.833.114.000
152;Passarela entrada Riacho Fundo;PASSARELA;TERCEIRO DISTRITO RODOVIÁRIO;DF075 ;075EDF0010;ENTR. DF-003 (EPIA) - ACESSO AO NÚCLEO BANDEIRANTE;1962;-15.870.169.866.250;-47.972.702.887.750
153;Ponte 1 sobre Córrego Vicente Pires;PONTE;TERCEIRO DISTRITO RODOVIÁRIO;DF075 ;075EDF0010;ENTR. DF-003 (EPIA) - ACESSO AO NÚCLEO BANDEIRANTE;447;-15.863.917.893.000;-47.960.207.208.000
154;Ponte 2 sobre Córrego Vicente Pires;PONTE;TERCEIRO DISTRITO RODOVIÁRIO;DF075 ;075EDF0010;ENTR. DF-003 (EPIA) - ACESSO AO NÚCLEO BANDEIRANTE;447;-15.863.759.067.500;-47.960.295.453.750
155;Passarela na DF-075 entrada Riacho Fundo 1;PASSARELA;TERCEIRO DISTRITO RODOVIÁRIO;DF075 ;075EDF0050;ENTR. DF-079 (EPVP) - ENTR. BR-251/DF-001(EPCT);5686;-15.877.714.133.000;-48.005.731.377.000
156;Passarela na DF-075;PASSARELA;TERCEIRO DISTRITO RODOVIÁRIO;DF075 ;075EDF0050;ENTR. DF-079 (EPVP) - ENTR. BR-251/DF-001(EPCT);6735;-15.877.828.664.750;-48.015.292.681.250
157;Passarela acesso ao Shopping Taguatinga;PASSARELA;TERCEIRO DISTRITO RODOVIÁRIO;BR251 ;251BDF0630;ENTR. DF-075 (EPNB) - ENTR. DF-085 (EPTG) TAGUATINGA;82000;-15.844.224.347.279;-48.044.818.122.810
158;Passarela sobre DF001 Pistao Sul;PASSARELA;TERCEIRO DISTRITO RODOVIÁRIO;BR251 ;251BDF0590;ACESSO AO RECANTO DAS EMAS - ENTR. BR-060 (ACESSO I A SAMAMBAIA);74203;-15.864.147.724.519;-48.043.663.634.127
159;Passarela na DF-001 Pistão Sul (Facul.  Catolica);PASSARELA;TERCEIRO DISTRITO RODOVIÁRIO;BR251 ;251BDF0582;ENTR. VC-331 - ACESSO AO RECANTO DAS EMAS;72578;-15.876.961.141.026;-48.037.492.770.867
160;Viaduto 1 na DF-001 sobre a DF-075;VIAD. SOBRE ROD./RUA;TERCEIRO DISTRITO RODOVIÁRIO;DF001 ;001EDF0390;ENTR. DF-075 (EPNB) - ENTR. DF-085 (EPTG)/TAGUATINGA;71536;-15.875.901.440.000;-48.027.862.663.000
161;Viaduto 2 na DF-001 sobre a DF-075;VIAD. SOBRE ROD./RUA;TERCEIRO DISTRITO RODOVIÁRIO;DF001 ;001EDF0390;ENTR. DF-075 (EPNB) - ENTR. DF-085 (EPTG)/TAGUATINGA;71530;-15.875.927.242.000;-48.027.672.697.000
162;Viaduto 1 na BR-060 Samambaia;VIAD. SOBRE ROD./RUA;TERCEIRO DISTRITO RODOVIÁRIO;DF001 ;001EDF0330;ACESSO AO RECANTO DAS EMAS - ENTR. BR-060 /ACESSO I A SAMAMBAIA;67656;-15.882.484.157.500;-48.060.430.948.000
163;Viaduto 2 na BR-060 Samambaia;VIAD. SOBRE ROD./RUA;TERCEIRO DISTRITO RODOVIÁRIO;DF001 ;001EDF0330;ACESSO AO RECANTO DAS EMAS - ENTR. BR-060 /ACESSO I A SAMAMBAIA;67655;-15.882.429.799.250;-48.060.247.520.000
164;Viaduto 1 na BR-060 sobre a DF 180;VIAD. SOBRE ROD./RUA;TERCEIRO DISTRITO RODOVIÁRIO;BR060 ;060BDF0014;ENTR. DF-180 - ENTR. DF-280;10876;-15.907.832.337.000;-48.144.889.531.750
165;Viaduto 2 na BR-060 sobre a DF 180;VIAD. SOBRE ROD./RUA;TERCEIRO DISTRITO RODOVIÁRIO;BR060 ;060BDF0014;ENTR. DF-180 - ENTR. DF-280;10875;-15.908.040.195.250;-48.144.822.999.000
166;Viaduto 1 na BR-060 sobre a DF-290;VIAD. SOBRE ROD./RUA;TERCEIRO DISTRITO RODOVIÁRIO;BR060 ;060BDF0050;ENTR. DF-190 - ENTR. DF-290;29854;-16.038.196.657.250;-48.255.829.972.250
167;Viaduto 2 na BR-060 sobre a DF-290;VIAD. SOBRE ROD./RUA;TERCEIRO DISTRITO RODOVIÁRIO;BR060 ;060BDF0050;ENTR. DF-190 - ENTR. DF-290;29827;-16.038.053.976.500;-48.255.579.348.000
168;Viaduto 1 Myriam Pelles Pereira Ervilha na BR-060;VIAD. SOBRE ROD./RUA;TERCEIRO DISTRITO RODOVIÁRIO;BR060 ;060BDF0014;ENTR. DF-180 - ENTR. DF-280;10909;-15.923.648.197.500;-48.166.196.685.750
169;Viaduto 2 Myriam Pelles Pereira Ervilha na BR-060;VIAD. SOBRE ROD./RUA;TERCEIRO DISTRITO RODOVIÁRIO;BR060 ;060BDF0014;ENTR. DF-180 - ENTR. DF-280;10909;-15.923.586.990.750;-48.166.422.525.750
170;Passarela na DF-001 acesso Recanto das Emas;PASSARELA;TERCEIRO DISTRITO RODOVIÁRIO;DF001 ;001EDF0330;ACESSO AO RECANTO DAS EMAS - ENTR. BR-060 /ACESSO I A SAMAMBAIA;65756;-15.898.894.864.000;-48.055.037.299.250
171;Ponte sobre Rio Ponte Alta na VC-351;PONTE;TERCEIRO DISTRITO RODOVIÁRIO;VC351 ;351EVC0010;ENTR. DF475 - ENTR. DF-180;122929;-15.991.692.886.750;-48.114.477.650.000
172;Ponte sobre Rio Ponte Alta na DF 180;PONTE;TERCEIRO DISTRITO RODOVIÁRIO;DF180 ;180EDF0410;ENTR. VC-351 - ENTR. DF-290;37752;-15.992.088.905.500;-48.115.267.353.500
173;Ponte sobre Córrego Estiva;PONTE;TERCEIRO DISTRITO RODOVIÁRIO;VC337 ;337EVC0010;ENTR. DF-180(A) - ENTR. DF-180(B);110550;-15.930.624.208.000;-48.126.872.363.250
174;Viaduto na DF-065 sobre a DF-003;VIAD. SOBRE ROD./RUA;TERCEIRO DISTRITO RODOVIÁRIO;DF065 ;065EDF0010;ENTR. DF-003 (EPIA) - ENTR. BR-251/DF-001 (EPCT)/DF-480;3969;-15.951.863.627.563;-47.999.006.440.364
176;Viaduto 1 na BR040 entrada Santa Maria;VIAD. SOBRE ROD./RUA;TERCEIRO DISTRITO RODOVIÁRIO;BR040 ;040BDF0012;ACESSO A SANTA MARIA - ENTR. VC - 371;3145;-16.002.452.564.000;-47.984.303.763.500
177;Viaduto 2 na BR040 entrada de Santa Maria;VIAD. SOBRE ROD./RUA;TERCEIRO DISTRITO RODOVIÁRIO;BR040 ;040BDF0012;ACESSO A SANTA MARIA - ENTR. VC - 371;3146;-16.002.416.999.500;-47.984.113.107.250
178;Viaduto 2 na BR040 saída Santa Maria;VIAD. SOBRE ROD./RUA;TERCEIRO DISTRITO RODOVIÁRIO;BR040 ;040BDF0012;ACESSO A SANTA MARIA - ENTR. VC - 371;3291;-16.003.627.015.000;-47.984.069.118.250
179;Viaduto 2 na BR040 saída Santa Maria;VIAD. SOBRE ROD./RUA;TERCEIRO DISTRITO RODOVIÁRIO;BR040 ;040BDF0012;ACESSO A SANTA MARIA - ENTR. VC - 371;3292;-16.003.591.884.500;-47.983.872.209.500
180;Viaduto 1 na BR040 divisa Goiás;VIAD. SOBRE ROD./RUA;TERCEIRO DISTRITO RODOVIÁRIO;DF290 ;290EDF0130;ENTR. VC-371 - ENTR. BR-040/BR-050;33958;-16.048.952.070.000;-47.981.252.808.000
181;Viaduto 2 na BR040 divisa Goiás;VIAD. SOBRE ROD./RUA;TERCEIRO DISTRITO RODOVIÁRIO;DF290 ;290EDF0130;ENTR. VC-371 - ENTR. BR-040/BR-050;33954;-16.049.196.170.000;-47.981.289.049.500
182;Ferrovia sobre Rodovia;FERROVIA SOBRE RODOVIA;TERCEIRO DISTRITO RODOVIÁRIO;DF495 ;495EDF0010;ENTR.BR-040/BR-050 - FERROVIA CENTRO ATLÂNTICO FCA;2798;-16.033.789.079.750;-47.953.113.973.000
183;Ponte sobre Ribeirão Saia Velha;PONTE;TERCEIRO DISTRITO RODOVIÁRIO;DF495 ;495EDF0030;FERROVIA CENTRO ATLÂNTICO - FCA - FIM DE TRECHO PAVIMENTADO (Km 11,6);4879;-16.035.781.428.000;-47.939.254.417.750
184;Ponte sobre Afluente do Rio Alagado;PONTE;TERCEIRO DISTRITO RODOVIÁRIO;VC385 ;385EVC0010;ENTR. DF-290 - DIVISA DF/GO;150372;-16.045.331.858.250;-48.087.374.463.250
185;Ponte sobre Rio Melchior na VC-311;PONTE;TERCEIRO DISTRITO RODOVIÁRIO;VC311 ;311EVC0010;ENTR. DF-180 - ACESSO CEILÂNDIA;92306;-15.853.104.776.750;-48.166.030.690.500
186;Ponte sobre Ribeirão Melchior na DF-180;PONTE;TERCEIRO DISTRITO RODOVIÁRIO;DF180 ;180EDF0310;ENTR. VC-311 - ACESSO A SAMAMBAIA;21200;-15.857.519.125.750;-48.177.047.792.000
187;Ponte sobre Córrego Descoberto;PONTE;TERCEIRO DISTRITO RODOVIÁRIO;VC321 ;321EVC0010;DIVISA GO/DF - ENTR. DF-190;99000;-15.868.629.601.000;-48.277.903.301.250
188;Ponte sobre Rio Melchior na DF-190;PONTE;TERCEIRO DISTRITO RODOVIÁRIO;DF190 ;190EDF0030;ENTR. VC-321 - ENTR. DF-280(A);11407;-15.908.742.978.500;-48.249.205.108.250
189;Ponte sobre Rio Descoberto na DF-280;PONTE;TERCEIRO DISTRITO RODOVIÁRIO;DF280 ;280EDF0010;DIVISA GO/DF - ENTR. DF-190(A);45;-15.942.927.364.000;-48.252.811.869.250
190;Ponte sobre Ribeirão Engenho das Lajes;PONTE;TERCEIRO DISTRITO RODOVIÁRIO;DF290 ;290EDF0010;ENTR. BR-060 - ENTR. VC-381;2139;-16.030.281.149.500;-48.242.035.032.250
191;Ponte sobre Córrego Ponte Alta;PONTE;TERCEIRO DISTRITO RODOVIÁRIO;VC381 ;381EVC0030;ENTR. VC-379 - DIVISA DF/GO;138382;-16.035.139.267.750;-48.138.070.617.000
192;Ponte sobre Rio Ponte Alta;PONTE;TERCEIRO DISTRITO RODOVIÁRIO;DF290 ;290EDF0050;ENTR. DF-180 - ENTR. VC-379 /ACESSO AO GAMA;17279;-16.011.498.383.500;-48.116.770.316.500
193;Ponte sobre afluente Rio Ponte Alta.;PONTE;TERCEIRO DISTRITO RODOVIÁRIO;VC383 ;383EVC0010;ENTR. VC-379 - DIVISA DF/GO;0;-16.045.113.178.213;-48.130.472.142.465
194;Ponte sobre córrego do Rio Alagado;PONTE;TERCEIRO DISTRITO RODOVIÁRIO;DF290 ;290EDF0090;ACESSO AO GAMA - ENTR. AV. ALAGADO (SANTA MARIA);25395;-16.037.322.412.000;-48.054.058.999.750
195;Viaduto 1 sobre Via Férrea próx Univers. Católica;VIAD. SOBRE FERROVIA;TERCEIRO DISTRITO RODOVIÁRIO;DF001 ;001EDF0390;ENTR. DF-075 (EPNB) - ENTR. DF-085 (EPTG)/TAGUATINGA;74695;-15.851.285.867.500;-48.040.782.427.500
196;Viaduto 2 sobre Via Férrea próx Univers. Católica;VIAD. SOBRE FERROVIA;TERCEIRO DISTRITO RODOVIÁRIO;DF001 ;001EDF0390;ENTR. DF-075 (EPNB) - ENTR. DF-085 (EPTG)/TAGUATINGA;74694;-15.851.430.840.000;-48.041.044.854.250
197;Ponte sobre Córrego Estanislau na V-413;PONTE;QUARTO DISTRITO RODOVIÁRIO;VC413 ;413EVC0010;ENTR. DF-455 - ENTR. VC-411;185839;-15.806.242.798.750;-47.606.509.308.500
198;Ponte sobre Córrego Estanislau na DF-120;PONTE;QUARTO DISTRITO RODOVIÁRIO;DF120 ;120EDF0030;ENTR. DF-455 - ENTR. DF-355;12136;-15.829.605.445.250;-47.566.063.967.750
199;Ponte na DF355;PONTE;QUARTO DISTRITO RODOVIÁRIO;DF355 ;355EDF0030;ENTR. DF-120 - ENTR. VC-403;7945;-15.831.260.241.750;-47.553.897.048.500
200;Ponte sobre Rio Jardim;PONTE;QUARTO DISTRITO RODOVIÁRIO;DF260 ;260EDF0090;ENTR. VC-419 - ENTR. VC-423;15187;-15.861.140.406.500;-47.476.725.548.500
201;Ponte sobre Ribeirão Cariru;PONTE;QUARTO DISTRITO RODOVIÁRIO;DF120 ;120EDF0110;ENTR. DF-125/DF-260(B) - ENTR. VC-427;23391;-15.901.725.825.500;-47.517.340.059.250
202;Ponte sobre Rio Jardim na DF-270;PONTE;QUARTO DISTRITO RODOVIÁRIO;DF270 ;270EDF0110;ENTR. VC-407 - ENTR. DF-322;15077;-15.912.828.985.000;-47.461.290.327.500
203;Ponte sobre Ribeirão Cariru na VC-407;PONTE;QUARTO DISTRITO RODOVIÁRIO;VC407 ;407EVC0010;ENTR. DF-260 - ENTR. DF-270;7000;-15.899.737.870.686;-47.471.737.840.044
204;Ponte sobre Córrego Lamarão;PONTE;QUARTO DISTRITO RODOVIÁRIO;DF120 ;120EDF0170;ENTR. DF-270(B) - ENTR. DF-285;38341;-15.967.514.685.500;-47.474.337.769.250
205;Ponte sobre Rio Preto;PONTE;QUARTO DISTRITO RODOVIÁRIO;DF285 ;285EDF0110;ENTR. VC-461 - DIVISA DF/MG;25542;-16.037.770.916.250;-47.310.497.959.500
206;Ponte sobre Rio São Bernado;PONTE;QUARTO DISTRITO RODOVIÁRIO;DF100 ;100EDF0270;ENTR. DF-285 - ENTR. DF-295/DIVISA DF/GO;51161;-16.036.224.788.250;-47.413.682.663.750
207;Ponte sobre Córrego Quilombo;PONTE;QUARTO DISTRITO RODOVIÁRIO;DF295 ;295EDF0050;ENTR. BR-251 - ENTR. VC-471;18586;-16.049.708.776.000;-47.440.155.211.500
208;Ponte sobre Córrego Pontinha;PONTE;QUARTO DISTRITO RODOVIÁRIO;DF295 ;295EDF0050;ENTR. BR-251 - ENTR. VC-471;14690;-16.049.638.873.465;-47.484.306.695.493
209;Ponte sobre Rio Samambaia;PONTE;QUARTO DISTRITO RODOVIÁRIO;DF295 ;295EDF0010;ENTR. DF-130 - ENTR.DF-125;1866;-16.049.595.003.750;-47.598.216.002.500
210;Ponte sobre Rio Jardim;PONTE;TERCEIRO DISTRITO RODOVIÁRIO;DF100 ;100EDF0250;ENTR. DF-270 - ENTR. DF-285;44283;-15.975.359.336.666;-47.399.476.643.333
211;Ponte sobre Córrego Estreito;PONTE;QUARTO DISTRITO RODOVIÁRIO;DF100 ;100EDF0210;ENTR. DF-260/DF-320 - ENTR. VC-421;31870;-15.892.089.374.000;-47.392.281.482.500
212;Ponte sobre Rio São Bartolomeu;PONTE;QUARTO DISTRITO RODOVIÁRIO;BR251 ;251BDF0530;ENTR. DF-130 (B) - ENTR. DF-473;22019;-15.962.420.080.500;-47.661.925.408.500
213;Viaduto sobre Ferrovia;VIAD. SOBRE FERROVIA;SEGUNDO DISTRITO RODOVIÁRIO;DF001 ;001EDF0230;ENTR. VC-365 - ENTR. BR-040/050/DF-003 (EPIA);49704;-15.979.314.461.500;-47.955.891.439.000
214;Ponte sobre Ribeirão Santana;PONTE;QUARTO DISTRITO RODOVIÁRIO;DF140 ;140EDF0050;ENTR. VC-467 - ENTR. DIVISA DF/GO;12633;-16.015.027.437.500;-47.800.986.780.750
215;Ponte sobre Ribeirão Rodeador;PONTE;QUINTO DISTRITO RODOVIÁRIO;BR080 ;080BDF0030;ENTR. DF-180 (A)/DF-240 (B)/DF-445 - ENTR. DF-435;11219;-15.730.950.472.000;-48.172.809.982.750
216;Ponte sobre o Córrego Capão da Onça;PONTE;QUINTO DISTRITO RODOVIÁRIO;DF415 ;415EDF0010;ENTR. BR-080/251/DF-180 - ENTR. DF-445;2138;-15.641.934.891.750;-48.181.735.636.250
217;Ponte sobre Rio Descoberto;PONTE;QUINTO DISTRITO RODOVIÁRIO;BR080 ;080BDF0051;ENTR. DF-415 - ENTR. DF-220;24644;-15.622.940.537.750;-48.199.148.870.000
218;Ponte sobre Rio do Sal;PONTE;QUINTO DISTRITO RODOVIÁRIO;BR080 ;080BDF0052;ENTR. DF-220 - ENTR. VC-511;28775;-15.591.762.342.250;-48.196.871.473.750
219;Ponte sobre Córrego do Rio do Sal (seco);PONTE;QUINTO DISTRITO RODOVIÁRIO;BR080 ;080BDF0052;ENTR. DF-220 - ENTR. VC-511;29768;-15.586.678.188.750;-48.188.534.613.500
220;Ponte sobre Córrego Barreiro;PONTE;QUINTO DISTRITO RODOVIÁRIO;VC511 ;511EVC0010;NÚCLEO RURAL BARREIRO - ENTR. BR-080/251/DF-180;242865;-15.581.354.482.750;-48.174.269.758.500
221;Ponte sobre Córrego Juliano;PONTE;QUINTO DISTRITO RODOVIÁRIO;VC511 ;511EVC0010;NÚCLEO RURAL BARREIRO - ENTR. BR-080/251/DF-180;2900;-15.579.496.602.773;-48.175.719.798.906
222;Ponte sobre Rio do Sal;PONTE;QUINTO DISTRITO RODOVIÁRIO;BR080 ;080BDF0072;ENTR. DF-206 - ENTR. DF-180 (B)/DIVISA DF/GO;38553;-15.516.279.005.250;-48.194.461.088.250
223;Ponte sobre Ribeirão Amador;PONTE;QUINTO DISTRITO RODOVIÁRIO;DF206 ;206EDF0030;ENTR. VC-505 - DIVISA DF/GO;6678;-15.507.079.424.500;-48.138.722.167.500
224;Ponte sobre Ribeirão Dois Irmãos.;PONTE;QUINTO DISTRITO RODOVIÁRIO;DF206 ;206EDF0030;ENTR. VC-505 - DIVISA DF/GO;7364;-15.494.447.157.750;-48.123.556.578.500
225;Ponte sobre Rio da Palma;PONTE;QUINTO DISTRITO RODOVIÁRIO;DF206 ;206EDF0030;ENTR. VC-505 - DIVISA DF/GO;7899;-15.481.798.222.500;-48.048.514.530.000
226;Ponte sobre Rio Descoberto na VC-533;PONTE;QUINTO DISTRITO RODOVIÁRIO;DF170 ;170EDF0010;DIVISA GO/DF - ENTR. DF-001 (EPCT);0;-15.677.453.741.750;-48.238.384.307.750
227;Ponte sobre Rio Descoberto na VC-541;PONTE;QUINTO DISTRITO RODOVIÁRIO;VC533 ;533EVC0010;ENTR. BR-080/BR-251 - DIVISA DF/GO;3304;-15.685.652.415.750;-48.240.857.013.000
228;Ponte sobre Rio Descoberto na VC-541;PONTE;QUINTO DISTRITO RODOVIÁRIO;VC533 ;533EVC0010;ENTR. BR-080/BR-251 - DIVISA DF/GO;3304;-15.703.319.101.500;-48.240.534.815.750
229;Ponte sobre Rio Descoberto naVC-541;PONTE;QUINTO DISTRITO RODOVIÁRIO;VC541 ;541EVC0010;ENTR. BR-080/251/DF-180 - DIVISA DF/GO;3084;-15.708.876.646.250;-48.232.946.517.500
230;Ponte sobre Ribeirão Rodeador;PONTE;QUINTO DISTRITO RODOVIÁRIO;DF430 ;430EDF0070;ENTR. VC-527 - DF-001 (EPCT);9277;-15.672.931.523.000;-48.107.017.530.750
231;Ponte sobre Ribeirão da Pedras.;PONTE;QUINTO DISTRITO RODOVIÁRIO;DF451 ;451EDF0020;FIM DO TRECHO DUPLICADO  - ENTR. VC-561;1570;-15.769.607.762.250;-48.128.522.794.250
232;Passarela sobre a BR-070 Ceilandia;PASSARELA;QUINTO DISTRITO RODOVIÁRIO;BR070 ;070BDF0012;ENTR. DF-451 - ENTR. DF-180 (A);8860;-15.785.595.026.500;-48.134.781.264.500
233;Ponte sobre Rio Descoberto;PONTE;QUINTO DISTRITO RODOVIÁRIO;BR070 ;070BDF0050;ENTR. DF-180 (B) - DIVISA DF/GO;19769;-15.783.854.219.000;-48.232.368.216.250
234;Viaduto Saída Sul na DF-002 próximo SQS 16;VIAD. SOBRE ROD./RUA;SEGUNDO DISTRITO RODOVIÁRIO;DF047 ;047EDF0050;ENTR. DF-051(EPGU)/DF-004 (EPNA) - ENTR. DF-002 (ERS - TREVO DE TRIAGEM SUL);3934;-15.838.004.721.549;-47.928.248.828.395
235;Viaduto na DF-002 SQS 15 e 16;VIAD. SOBRE ROD./RUA;SEGUNDO DISTRITO RODOVIÁRIO;DF002 ;002EDF0030;RODOVIÁRIA DE BRASÍLIA - ENTR. DF-047 (TREVO DE TRIAGEM SUL);13267;-15.832.865.885.000;-47.922.719.448.250
236;Passarela Subterrânea na DF-002 SQS 15 e 16;PASSAGEM SUBTERRÂNEA;SEGUNDO DISTRITO RODOVIÁRIO;DF002 ;002EDF0030;RODOVIÁRIA DE BRASÍLIA - ENTR. DF-047 (TREVO DE TRIAGEM SUL);13211;-15.832.551.058.750;-47.922.284.767.750
237;Viaduto na DF-002 SQS 13 e 14;VIAD. SOBRE ROD./RUA;SEGUNDO DISTRITO RODOVIÁRIO;DF002 ;002EDF0030;RODOVIÁRIA DE BRASÍLIA - ENTR. DF-047 (TREVO DE TRIAGEM SUL);12577;-15.828.979.414.000;-47.917.338.320.750
238;Passarela Subterrânea na DF-002 SQS 13 e 14;PASSAGEM SUBTERRÂNEA;SEGUNDO DISTRITO RODOVIÁRIO;DF002 ;002EDF0030;RODOVIÁRIA DE BRASÍLIA - ENTR. DF-047 (TREVO DE TRIAGEM SUL);12521;-15.828.661.251.750;-47.916.900.612.750
239;Viaduto na DF-002 SQS 11 e 12;VIAD. SOBRE ROD./RUA;SEGUNDO DISTRITO RODOVIÁRIO;DF002 ;002EDF0030;RODOVIÁRIA DE BRASÍLIA - ENTR. DF-047 (TREVO DE TRIAGEM SUL);11887;-15.825.094.239.250;-47.911.947.374.000
240;Passarela Subterrânea na DF-002 SQS 11 e 12;PASSAGEM SUBTERRÂNEA;SEGUNDO DISTRITO RODOVIÁRIO;DF002 ;002EDF0030;RODOVIÁRIA DE BRASÍLIA - ENTR. DF-047 (TREVO DE TRIAGEM SUL);11831;-15.824.777.792.250;-47.911.516.263.750
241;Viaduto na DF-002 SQS 09 e 10;VIAD. SOBRE ROD./RUA;SEGUNDO DISTRITO RODOVIÁRIO;DF002 ;002EDF0030;RODOVIÁRIA DE BRASÍLIA - ENTR. DF-047 (TREVO DE TRIAGEM SUL);11197;-15.821.199.591.250;-47.906.564.923.250
242;Passarela Subterrânea na DF-002 SQS 09 e 10;PASSAGEM SUBTERRÂNEA;SEGUNDO DISTRITO RODOVIÁRIO;DF002 ;002EDF0030;RODOVIÁRIA DE BRASÍLIA - ENTR. DF-047 (TREVO DE TRIAGEM SUL);11141;-15.820.888.043.250;-47.906.127.829.000
243;Viaduto de acesso ao eixo L;VIAD. SOBRE ROD./RUA;SEGUNDO DISTRITO RODOVIÁRIO;DF002 ;002EDF0030;RODOVIÁRIA DE BRASÍLIA - ENTR. DF-047 (TREVO DE TRIAGEM SUL);11336;-15.821.983.362.500;-47.907.653.146.750
244;Viaduto na DF-002 SQS 07 e 08;VIAD. SOBRE ROD./RUA;SEGUNDO DISTRITO RODOVIÁRIO;DF002 ;002EDF0030;RODOVIÁRIA DE BRASÍLIA - ENTR. DF-047 (TREVO DE TRIAGEM SUL);10507;-15.817.309.492.750;-47.901.184.647.250
245;Passarela Subterrânea na DF-002 SQS 07 e 08;PASSAGEM SUBTERRÂNEA;SEGUNDO DISTRITO RODOVIÁRIO;DF002 ;002EDF0030;RODOVIÁRIA DE BRASÍLIA - ENTR. DF-047 (TREVO DE TRIAGEM SUL);10451;-15.816.994.869.000;-47.900.747.433.750
246;Viaduto na DF-002 SQS 05 e 06;VIAD. SOBRE ROD./RUA;SEGUNDO DISTRITO RODOVIÁRIO;DF002 ;002EDF0030;RODOVIÁRIA DE BRASÍLIA - ENTR. DF-047 (TREVO DE TRIAGEM SUL);9817;-15.813.134.522.500;-47.896.038.467.750
247;Passarela Subterrânea na DF-002 SQS 05 e 06;PASSAGEM SUBTERRÂNEA;SEGUNDO DISTRITO RODOVIÁRIO;DF002 ;002EDF0030;RODOVIÁRIA DE BRASÍLIA - ENTR. DF-047 (TREVO DE TRIAGEM SUL);9762;-15.812.774.932.250;-47.895.642.658.000
248;Viaduto de acesso ao eixo L na DF-002 SQS 05 e 06;VIAD. SOBRE ROD./RUA;SEGUNDO DISTRITO RODOVIÁRIO;DF002 ;002EDF0030;RODOVIÁRIA DE BRASÍLIA - ENTR. DF-047 (TREVO DE TRIAGEM SUL);11748;-15.824.305.054.000;-47.910.874.483.250
249;Viaduto na DF-002 SQS 03 e 04;VIAD. SOBRE ROD./RUA;SEGUNDO DISTRITO RODOVIÁRIO;DF002 ;002EDF0030;RODOVIÁRIA DE BRASÍLIA - ENTR. DF-047 (TREVO DE TRIAGEM SUL);9127;-15.808.431.328.250;-47.891.392.163.750
250;Passarela Subterrânea na DF-002 SQS 03 e 04;PASSAGEM SUBTERRÂNEA;SEGUNDO DISTRITO RODOVIÁRIO;DF002 ;002EDF0030;RODOVIÁRIA DE BRASÍLIA - ENTR. DF-047 (TREVO DE TRIAGEM SUL);9071;-15.808.028.827.250;-47.891.036.301.000
251;Viaduto na DF-002 SQS 01 e 02;VIAD. SOBRE ROD./RUA;SEGUNDO DISTRITO RODOVIÁRIO;DF002 ;002EDF0030;RODOVIÁRIA DE BRASÍLIA - ENTR. DF-047 (TREVO DE TRIAGEM SUL);8436;-15.803.370.878.250;-47.887.160.290.250
252;Passarela Subterrânea na DF-002 SQS 01 e 02;PASSAGEM SUBTERRÂNEA;SEGUNDO DISTRITO RODOVIÁRIO;DF002 ;002EDF0030;RODOVIÁRIA DE BRASÍLIA - ENTR. DF-047 (TREVO DE TRIAGEM SUL);8379;-15.802.930.899.750;-47.886.854.944.750
253;Viaduto de ligação Se/Ne na DF-002;VIAD. SOBRE ROD./RUA;SEGUNDO DISTRITO RODOVIÁRIO;DF002 ;002EDF0030;RODOVIÁRIA DE BRASÍLIA - ENTR. DF-047 (TREVO DE TRIAGEM SUL);8123;-15.801.305.865.616;-47.885.851.599.060
254;Viaduto na DF-002 SCS;VIAD. SOBRE ROD./RUA;SEGUNDO DISTRITO RODOVIÁRIO;DF002 ;002EDF0030;RODOVIÁRIA DE BRASÍLIA - ENTR. DF-047 (TREVO DE TRIAGEM SUL);7906;-15.799.007.186.000;-47.884.679.780.500
255;Viaduto na DF-002 Sul em frente ao BRB;VIAD. SOBRE ROD./RUA;SEGUNDO DISTRITO RODOVIÁRIO;DF002 ;002EDF0030;RODOVIÁRIA DE BRASÍLIA - ENTR. DF-047 (TREVO DE TRIAGEM SUL);7688;-15.797.109.718.500;-47.883.863.406.250
256;Viaduto na DF-002 CONIC;VIAD. SOBRE ROD./RUA;SEGUNDO DISTRITO RODOVIÁRIO;DF002 ;002EDF0030;RODOVIÁRIA DE BRASÍLIA - ENTR. DF-047 (TREVO DE TRIAGEM SUL);7565;-15.796.023.712.250;-47.883.477.347.500
257;Viaduto na DF-002 Buraco do TATU;VIAD. SOBRE ROD./RUA;SEGUNDO DISTRITO RODOVIÁRIO;DF002 ;002EDF0030;RODOVIÁRIA DE BRASÍLIA - ENTR. DF-047 (TREVO DE TRIAGEM SUL);7423;-15.794.744.844.500;-47.883.044.453.250
258;Viaduto na DF-002 Rodoviária;VIAD. SOBRE ROD./RUA;SEGUNDO DISTRITO RODOVIÁRIO;DF002 ;002EDF0010;ENTR. DF-007(EPTT) PONTE DO BRAGHETTO - RODOVIÁRIA DE BRASÍLIA;3656;-15.793.188.402.250;-47.882.524.432.000
259;Viaduto na DF-002 Conjunto Nacional;VIAD. SOBRE ROD./RUA;SEGUNDO DISTRITO RODOVIÁRIO;DF002 ;002EDF0010;ENTR. DF-007(EPTT) PONTE DO BRAGHETTO - RODOVIÁRIA DE BRASÍLIA;128;-15.791.663.123.500;-47.882.014.916.000
260;Viaduto na DF-002 Norte acesso Ministérios Norte;VIAD. SOBRE ROD./RUA;SEGUNDO DISTRITO RODOVIÁRIO;DF002 ;002EDF0010;ENTR. DF-007(EPTT) PONTE DO BRAGHETTO - RODOVIÁRIA DE BRASÍLIA;256;-15.790.566.886.000;-47.881.671.964.250
261;Viaduto sobre a DF-002 Norte acesso ao eixinho;VIAD. SOBRE ROD./RUA;SEGUNDO DISTRITO RODOVIÁRIO;DF002 ;002EDF0010;ENTR. DF-007(EPTT) PONTE DO BRAGHETTO - RODOVIÁRIA DE BRASÍLIA;412;-15.789.229.842.250;-47.881.309.317.000
262;Viaduto de acesso SHN sobre a DF-002;VIAD. SOBRE ROD./RUA;SEGUNDO DISTRITO RODOVIÁRIO;DF002 ;002EDF0010;ENTR. DF-007(EPTT) PONTE DO BRAGHETTO - RODOVIÁRIA DE BRASÍLIA;554;-15.787.988.445.250;-47.881.038.206.500
263;Passarela Subterrânea na DF-002 SQN 01 e 02;PASSAGEM SUBTERRÂNEA;SEGUNDO DISTRITO RODOVIÁRIO;DF002 ;002EDF0010;ENTR. DF-007(EPTT) PONTE DO BRAGHETTO - RODOVIÁRIA DE BRASÍLIA;988;-15.784.152.843.750;-47.880.555.478.250
264;Viaduto na DF-002 SQN 01 e 02;VIAD. SOBRE ROD./RUA;SEGUNDO DISTRITO RODOVIÁRIO;DF002 ;002EDF0010;ENTR. DF-007(EPTT) PONTE DO BRAGHETTO - RODOVIÁRIA DE BRASÍLIA;1047;-15.783.625.296.750;-47.880.533.834.750
265;Passarela Subterrânea na DF-002 SQN 03 e 04;PASSAGEM SUBTERRÂNEA;SEGUNDO DISTRITO RODOVIÁRIO;DF002 ;002EDF0010;ENTR. DF-007(EPTT) PONTE DO BRAGHETTO - RODOVIÁRIA DE BRASÍLIA;1718;-15.777.658.126.500;-47.880.827.311.500
266;Viaduto na DF-002 SQN 03 e 04;VIAD. SOBRE ROD./RUA;SEGUNDO DISTRITO RODOVIÁRIO;DF002 ;002EDF0010;ENTR. DF-007(EPTT) PONTE DO BRAGHETTO - RODOVIÁRIA DE BRASÍLIA;1776;-15.777.135.662.000;-47.880.876.609.000
267;Passarela Subterrânea na DF-002 SQN 05 e 06;PASSAGEM SUBTERRÂNEA;SEGUNDO DISTRITO RODOVIÁRIO;DF002 ;002EDF0010;ENTR. DF-007(EPTT) PONTE DO BRAGHETTO - RODOVIÁRIA DE BRASÍLIA;2447;-15.771.207.834.500;-47.881.666.444.000
268;Viaduto na DF-002 SQN 05 e 06;VIAD. SOBRE ROD./RUA;SEGUNDO DISTRITO RODOVIÁRIO;DF002 ;002EDF0010;ENTR. DF-007(EPTT) PONTE DO BRAGHETTO - RODOVIÁRIA DE BRASÍLIA;2507;-15.770.689.375.250;-47.881.770.421.500
269;Passarela Subterrânea na DF-002 SQN 07 e 08;PASSAGEM SUBTERRÂNEA;SEGUNDO DISTRITO RODOVIÁRIO;DF002 ;002EDF0010;ENTR. DF-007(EPTT) PONTE DO BRAGHETTO - RODOVIÁRIA DE BRASÍLIA;3177;-15.764.884.862.500;-47.883.235.845.750
270;Viaduto na DF-002 SQN 07 e 08;VIAD. SOBRE ROD./RUA;SEGUNDO DISTRITO RODOVIÁRIO;DF002 ;002EDF0010;ENTR. DF-007(EPTT) PONTE DO BRAGHETTO - RODOVIÁRIA DE BRASÍLIA;3236;-15.764.381.647.500;-47.883.398.560.750
271;Passarela Subterrânea na DF-002 SQN 09 e 10;PASSAGEM SUBTERRÂNEA;SEGUNDO DISTRITO RODOVIÁRIO;DF002 ;002EDF0010;ENTR. DF-007(EPTT) PONTE DO BRAGHETTO - RODOVIÁRIA DE BRASÍLIA;3907;-15.758.668.681.500;-47.885.231.963.250
272;Viaduto na DF-002 SQN 09 e 10;VIAD. SOBRE ROD./RUA;SEGUNDO DISTRITO RODOVIÁRIO;DF002 ;002EDF0010;ENTR. DF-007(EPTT) PONTE DO BRAGHETTO - RODOVIÁRIA DE BRASÍLIA;3966;-15.758.165.371.500;-47.885.395.050.750
273;Passarela Subterrânea na DF-002 SQN 11 e 12;PASSAGEM SUBTERRÂNEA;SEGUNDO DISTRITO RODOVIÁRIO;DF002 ;002EDF0010;ENTR. DF-007(EPTT) PONTE DO BRAGHETTO - RODOVIÁRIA DE BRASÍLIA;4637;-15.752.457.359.500;-47.887.221.044.000
274;Viaduto na DF-002 SQN 11 e 12;VIAD. SOBRE ROD./RUA;SEGUNDO DISTRITO RODOVIÁRIO;DF002 ;002EDF0010;ENTR. DF-007(EPTT) PONTE DO BRAGHETTO - RODOVIÁRIA DE BRASÍLIA;4696;-15.751.953.539.750;-47.887.386.317.500
275;Passarela Subterrânea na DF-002 SQN 13 e 14;PASSAGEM SUBTERRÂNEA;SEGUNDO DISTRITO RODOVIÁRIO;DF002 ;002EDF0010;ENTR. DF-007(EPTT) PONTE DO BRAGHETTO - RODOVIÁRIA DE BRASÍLIA;5366;-15.746.241.170.250;-47.889.216.320.500
276;Viaduto na DF-002 SQN 13 e 14;VIAD. SOBRE ROD./RUA;SEGUNDO DISTRITO RODOVIÁRIO;DF002 ;002EDF0010;ENTR. DF-007(EPTT) PONTE DO BRAGHETTO - RODOVIÁRIA DE BRASÍLIA;5424;-15.745.737.277.000;-47.889.378.529.500
277;Passarela Subterrânea na DF-002 SQN 15 e 16;PASSAGEM SUBTERRÂNEA;SEGUNDO DISTRITO RODOVIÁRIO;DF002 ;002EDF0010;ENTR. DF-007(EPTT) PONTE DO BRAGHETTO - RODOVIÁRIA DE BRASÍLIA;6096;-15.740.024.261.000;-47.891.211.975.000
278;Viaduto na DF-002 SQN 15 e 16;VIAD. SOBRE ROD./RUA;SEGUNDO DISTRITO RODOVIÁRIO;DF002 ;002EDF0010;ENTR. DF-007(EPTT) PONTE DO BRAGHETTO - RODOVIÁRIA DE BRASÍLIA;6155;-15.739.521.066.250;-47.891.373.657.750
279;Passarela na DF-095;PASSARELA;SEGUNDO DISTRITO RODOVIÁRIO;DF095 ;095EDF0010;ENTR. DF-003 (EPIA) - ENTR. DF-097 (EPAC);500;-15.787.198.776.835;-47.947.272.415.090
280;Viaduto 1 na DF003  acesso ao Setor Militar;VIAD. SOBRE ROD./RUA;SEGUNDO DISTRITO RODOVIÁRIO;DF003 ;003EDF0050;ENTR. DF-009 (EPPN) - ACESSO A ASA NORTE;7200;-15.724.629.925.578;-47.908.155.025.961
281;Passarela sobre a DF 003  Estação Catetinho;PASSARELA;TERCEIRO DISTRITO RODOVIÁRIO;DF003 ;003EDF0230;ENTR. DF-055 (EPVB) - ENTR. DF-065 (EPIP);32537;-15.947.078.989.477;-47.992.747.534.282
282;Passarela na DF 003  EPIA Estação Granja do Ipê;PASSARELA;TERCEIRO DISTRITO RODOVIÁRIO;DF003 ;003EDF0230;ENTR. DF-055 (EPVB) - ENTR. DF-065 (EPIP);29996;-15.927.580.950.526;-47.979.380.726.795
283;Passarela na DF 033 EPIA Estação SMPW Quadra 26;PASSARELA;TERCEIRO DISTRITO RODOVIÁRIO;DF003 ;003EDF0230;ENTR. DF-055 (EPVB) - ENTR. DF-065 (EPIP);28529;-15.912.950.530.494;-47.969.499.567.557
284;Passarela na DF-003 EPIA Estação Vargem Bonita;PASSARELA;TERCEIRO DISTRITO RODOVIÁRIO;DF003 ;003EDF0230;ENTR. DF-055 (EPVB) - ENTR. DF-065 (EPIP);26109;-15.902.174.945.575;-47.963.908.588.892
285;Passarela na DF-003 EPIA Estação ParkWay;PASSARELA;TERCEIRO DISTRITO RODOVIÁRIO;DF003 ;003EDF0210;ENTR. DF-025 (EPDB) - ENTR. DF-055 (EPVB);24562;-15.875.509.625.230;-47.959.621.094.101
287;Passarela na DF-003 EPIA antiga Estação SMPW  Quad;PASSARELA;TERCEIRO DISTRITO RODOVIÁRIO;DF003 ;003EDF0230;ENTR. DF-055 (EPVB) - ENTR. DF-065 (EPIP);29926;-15.925.739.657.148;-47.978.160.316.252
291;Passarela na DF-085 (EPTG) Lucio Costa;PASSAGEM SUBTERRÂNEA;TERCEIRO DISTRITO RODOVIÁRIO;DF085 ;085EDF0010;ENTR. DF-003 (EPIA) - ENTR. DF-087 (EPVL);4550;-15.810.580.857.727;-47.994.110.562.836
292;Passarela na DF-001 proxima a BR-060;PASSARELA;TERCEIRO DISTRITO RODOVIÁRIO;BR251 ;251BDF0572;ENTR. DF-065/DF-480 - ENTR. DF-475;66545;-15.946.577.812.300;-48.037.768.196.910
293;Passarela na BR-040 (EPIA) Estação Santos Dumont;PASSARELA;TERCEIRO DISTRITO RODOVIÁRIO;BR040 ;040BDF0010;ENTR. BR-050 (A)/251/DF-001(EPCT)/DF-003(EPIA) BRASÍLIA - ACESSO A SANTA MARIA;1900;-15.995.755.078.726;-47.986.150.017.971
294;Passarela na DF-001 proximo ao 3º DR;PASSARELA;TERCEIRO DISTRITO RODOVIÁRIO;BR251 ;251BDF0610;ENTR. BR-060 (ACESSO I A SAMAMBAIA) - ACESSO II A SAMAMBAIA;75900;-15.878.258.421.725;-48.052.871.633.019
295;Passarela na DF-085 (EPTG) proximo ao pistão Sul;PASSARELA;TERCEIRO DISTRITO RODOVIÁRIO;DF085 ;085EDF0050;ENTR. DF-079 (EPVP) - ENTR. BR-251/DF-001 (EPCT);11186;-15.831.832.921.879;-48.050.198.480.440
296;Passarela na DF-085 (EPTG) - Plaza Shopping;PASSARELA;TERCEIRO DISTRITO RODOVIÁRIO;DF085 ;085EDF0050;ENTR. DF-079 (EPVP) - ENTR. BR-251/DF-001 (EPCT);10777;-15.831.308.265.766;-48.046.218.527.646
297;Passarela na DF-085 (EPTG) - Postos de Combustivel;PASSARELA;TERCEIRO DISTRITO RODOVIÁRIO;DF085 ;085EDF0050;ENTR. DF-079 (EPVP) - ENTR. BR-251/DF-001 (EPCT);9356;-15.828.299.703.220;-48.032.549.826.138
298;Passarela na DF-085 (EPTG) - Residencia Oficial Governador;PASSARELA;TERCEIRO DISTRITO RODOVIÁRIO;DF085 ;085EDF0050;ENTR. DF-079 (EPVP) - ENTR. BR-251/DF-001 (EPCT);8874;-15.825.682.249.826;-48.028.180.826.097
299;Passarela na DF-085 (EPTG) Próximo ao córrego Samambaia (Bufalo Bill);PASSARELA;TERCEIRO DISTRITO RODOVIÁRIO;DF085 ;085EDF0050;ENTR. DF-079 (EPVP) - ENTR. BR-251/DF-001 (EPCT);8335;-15.822.755.263.561;-48.023.295.160.076
300;Passarela na DF-085 (EPTG);PASSARELA;TERCEIRO DISTRITO RODOVIÁRIO;DF085 ;085EDF0030;ENTR. DF-087 (EPVL) - ENTR. DF-079 (EPVP);6809;-15.816.121.848.119;-48.009.240.513.033
301;Passarela na DF-085 (EPTG);PASSARELA;TERCEIRO DISTRITO RODOVIÁRIO;DF085 ;085EDF0030;ENTR. DF-087 (EPVL) - ENTR. DF-079 (EPVP);6475;-15.815.032.542.804;-48.006.177.181.801
302;Passarela na DF-085 (EPTG) - Próxima a DF087;PASSARELA;TERCEIRO DISTRITO RODOVIÁRIO;DF085 ;085EDF0010;ENTR. DF-003 (EPIA) - ENTR. DF-087 (EPVL);5410;-15.811.495.152.284;-47.996.590.007.241
303;Passarela na DF-085 (EPTG) -Flórida Mall;PASSARELA;TERCEIRO DISTRITO RODOVIÁRIO;DF085 ;085EDF0010;ENTR. DF-003 (EPIA) - ENTR. DF-087 (EPVL);4980;-15.810.991.980.480;-47.992.756.738.320
304;Passarela na DF-085 (EPTG) Lúcio Costa / Guará;PASSARELA;TERCEIRO DISTRITO RODOVIÁRIO;DF085 ;085EDF0010;ENTR. DF-003 (EPIA) - ENTR. DF-087 (EPVL);4050;-15.812.136.601.998;-47.984.417.031.300
305;Passarela na DF-085 (EPTG) Aceso ao Guará;PASSARELA;TERCEIRO DISTRITO RODOVIÁRIO;DF085 ;085EDF0010;ENTR. DF-003 (EPIA) - ENTR. DF-087 (EPVL);3108;-15.810.229.340.027;-47.976.078.044.895
306;Passarela na DF085 (EPTG) saida do SIA;PASSARELA;TERCEIRO DISTRITO RODOVIÁRIO;DF085 ;085EDF0010;ENTR. DF-003 (EPIA) - ENTR. DF-087 (EPVL);1900;-15.807.499.706.333;-47.965.440.302.463
307;Passarela na DF-051 (EPGU) Zoologico;PASSARELA;SEGUNDO DISTRITO RODOVIÁRIO;DF051 ;051EDF0010;ENTR. DF-047 (EPAR) - ENTR. DF-003 (EPIA);1300;-15.844.056.579.682;-47.941.860.043.079
308;Passarela na DF- 065   (CAUBI);PASSARELA;TERCEIRO DISTRITO RODOVIÁRIO;DF065 ;065EDF0010;ENTR. DF-003 (EPIA) - ENTR. BR-251/DF-001 (EPCT)/DF-480;2000;-15.945.882.149.544;-47.998.096.148.274
309;Passarela 01 na DF-480 -Estação 01 do BRT no Balão do Periquito;PASSARELA;TERCEIRO DISTRITO RODOVIÁRIO;DF480 ;480EDF0030;ENTR. VC-361 - ENTR. BR-251/DF-001(EPCT)/DF-065(EPIP);4500;-15.970.766.178.764;-48.026.810.290.190
310;Passarela na DF-075 ( EPNB);PASSARELA;TERCEIRO DISTRITO RODOVIÁRIO;DF075 ;075EDF0030;ACESSO AO NÚCLEO BANDEIRANTE - ENTR. DF-079 (EPVP);3000;-15.875.693.448.584;-47.984.252.460.645
311;Passarela na DF-011 (EPIG) Octogonal;PASSARELA;SEGUNDO DISTRITO RODOVIÁRIO;DF011 ;011EDF0010;ENTR. DF-003 (EPIA)/DF-085 (EPTG) - ACESSO AO SETOR POLICIAL SUL;689;-15.810.848.398.840;-47.943.432.476.487
312;Ponte sobre o Ribeirão Cariru;PONTE;QUARTO DISTRITO RODOVIÁRIO;VC407 ;407EVC0010;ENTR. DF-260 - ENTR. DF-270;7800;-15.902.801.593.431;-47.472.978.840.488
315;Ponte 1 DF 459 (Ribeirão Taguatinga);PONTE;TERCEIRO DISTRITO RODOVIÁRIO;DF459 ;459EDF0010;ACESSO A CEILÂNDIA (VIA DE LIGAÇÃO CENTRO NORTE) - ACESSO A SAMAMBAIA(2ª AVENIDA NORTE);1400;-15.852.680.505.561;-48.097.957.671.833
347;Passarela na DF-011 (Próxima a DF-003 e ao Cruzeiro);PASSARELA;SEGUNDO DISTRITO RODOVIÁRIO;DF011 ;011EDF0010;ENTR. DF-003 (EPIA)/DF-085 (EPTG) - ACESSO AO SETOR POLICIAL SUL;260;-15.810.590.641.466;-47.943.359.520.096
348;Ponte sobre o Córrego Samambaia;PONTE;TERCEIRO DISTRITO RODOVIÁRIO;DF085 ;085EDF0050;ENTR. DF-079 (EPVP) - ENTR. BR-251/DF-001 (EPCT);8655;-15.820.421.463.202;-48.020.355.269.115
349;Ponte 3 sobre o Córrego Vicente Pires DF-085;PONTE;TERCEIRO DISTRITO RODOVIÁRIO;DF085 ;085EDF0030;ENTR. DF-087 (EPVL) - ENTR. DF-079 (EPVP);6720;-15.814.036.254.934;-48.004.983.978.543
350;PONTE SOBRE RIBEIRÃO BURITI VERMELHO;PONTE;PRIMEIRO DISTRITO RODOVIÁRIO;DF100 ;100EDF0010;ENTR. BR-020/BR-030 - ENTR. DF-230;0;-15.583.263.580.583;-47.352.697.215.554
634;Viaduto sobre a DF-085. Entrocamento DF-085 / DF-087;VIAD. SOBRE ROD./RUA;TERCEIRO DISTRITO RODOVIÁRIO;DF085 ;085EDF0030;ENTR. DF-087 (EPVL) - ENTR. DF-079 (EPVP);5831;-15.812.865.286.595;-48.000.281.616.221
635;Viaduto 2 sob a DF085-DF087;VIAD. SOBRE ROD./RUA;TERCEIRO DISTRITO RODOVIÁRIO;DF085 ;085EDF0010;ENTR. DF-003 (EPIA) - ENTR. DF-087 (EPVL);5768;-15.812.656.231.452;-47.999.718.350.389
636;Viaduto 3 sob a DF-085;VIAD. SOBRE ROD./RUA;TERCEIRO DISTRITO RODOVIÁRIO;DF085 ;085EDF0030;ENTR. DF-087 (EPVL) - ENTR. DF-079 (EPVP);5829;-15.812.858.494.883;-48.000.263.317.035
637;RE 130-16E Trevo de Triagem Norte OAE9L;PROVA DE CARGA;SEGUNDO DISTRITO RODOVIÁRIO;DF004 ;004EDF0010;ENTR. DF-002 (ERN) PONTE DO BRAGHETTO - ENTR. VIA L2;467;-15.732.302.989.627;-47.889.863.405.580
638;Trevo de Triagem Norte-OAE 09c;PROVA DE CARGA;SEGUNDO DISTRITO RODOVIÁRIO;DF002 ;002EDF0010;ENTR. DF-007(EPTT) PONTE DO BRAGHETTO - RODOVIÁRIA DE BRASÍLIA;259;-15.733.461.662.234;-47.893.321.553.644
639;RE: 146-16E Trevo de Triagem Norte OAE9W;PROVA DE CARGA;SEGUNDO DISTRITO RODOVIÁRIO;DF002 ;002EDF0010;ENTR. DF-007(EPTT) PONTE DO BRAGHETTO - RODOVIÁRIA DE BRASÍLIA;259;-15.733.461.662.234;-47.893.321.553.644
640;RE: 098-17E Trevo de Triagem Norte OAE9C;PROVA DE CARGA;SEGUNDO DISTRITO RODOVIÁRIO;DF002 ;002EDF0010;ENTR. DF-007(EPTT) PONTE DO BRAGHETTO - RODOVIÁRIA DE BRASÍLIA;236;-15.733.267.272.963;-47.893.383.849.005
641;RE- 005/2017 Trevo de Triagem Norte-OAE10;PROVA DE CARGA;SEGUNDO DISTRITO RODOVIÁRIO;DF002 ;002EDF0010;ENTR. DF-007(EPTT) PONTE DO BRAGHETTO - RODOVIÁRIA DE BRASÍLIA;236;-15.733.267.272.963;-47.893.383.849.005
642;Passarela na DF-085 (Próxima a EPIA);PASSARELA;TERCEIRO DISTRITO RODOVIÁRIO;DF085 ;085EDF0010;ENTR. DF-003 (EPIA) - ENTR. DF-087 (EPVL);1031;-15.808.683.598.278;-47.957.655.035.085
643;Ponte 2 DF 459 (Ribeirão Taguatinga);PONTE;TERCEIRO DISTRITO RODOVIÁRIO;DF459 ;459EDF0010;ACESSO A CEILÂNDIA (VIA DE LIGAÇÃO CENTRO NORTE) - ACESSO A SAMAMBAIA(2ª AVENIDA NORTE);1515;-15.855.015.386.677;-48.097.445.430.092
